[
    {
        "id": 1,
        "datetime": "19.03.2025 01:09:09",
        "status": "Hotovo",
        "total_price": "1303 Kč",
        "delivery": "R2",
        "customer": {
            "name": "Dušan Bartoš",
            "address": "Horní Sukolom 88, Horní Sukolom",
            "phone": "753 234 562"
        },
        "products": [
            {
                "name": "Pizza Caprese",
                "price": "179 Kč"
            },
            {
                "name": "Pizza Quattro di Salami",
                "price": "179 Kč"
            },
            {
                "name": "Pizza Familiare",
                "price": "179 Kč"
            },
            {
                "name": "Pizza Milano",
                "price": "179 Kč"
            },
            {
                "name": "Pizza San Daniele",
                "price": "194 Kč"
            },
            {
                "name": "Pizza Gustosa",
                "price": "179 Kč"
            },
            {
                "name": "Pizza Piacentina",
                "price": "214 Kč"
            }
        ]
    },
    {
        "id": 2,
        "datetime": "19.03.2025 01:09:10",
        "status": "Hotovo",
        "total_price": "1447 Kč",
        "delivery": "R1",
        "customer": {
            "name": "Radovan Hruška",
            "address": "Benkov 124, Benkov",
            "phone": "775 871 652"
        },
        "products": [
            {
                "name": "Pizza Hawaii",
                "price": "179 Kč"
            },
            {
                "name": "Pizza Gustosa",
                "price": "179 Kč"
            },
            {
                "name": "Pizza Familiare",
                "price": "179 Kč"
            },
            {
                "name": "Pizza Generosa",
                "price": "179 Kč"
            },
            {
                "name": "Pizza Curiosa",
                "price": "179 Kč"
            },
            {
                "name": "Pizza San Daniele",
                "price": "194 Kč"
            },
            {
                "name": "Pizza Agadir",
                "price": "179 Kč"
            },
            {
                "name": "Pizza Quattro di Salami",
                "price": "179 Kč"
            }
        ]
    },
    {
        "id": 3,
        "datetime": "19.03.2025 01:09:10",
        "status": "Hotovo",
        "total_price": "920 Kč",
        "delivery": "Bistro",
        "customer": {
            "name": "Soběslav Tichý",
            "address": "Lazce 210, Lazce",
            "phone": "732 281 703"
        },
        "products": [
            {
                "name": "Pizza Zola",
                "price": "179 Kč"
            },
            {
                "name": "Pizza Generosa",
                "price": "179 Kč"
            },
            {
                "name": "Pizza Vegetariano",
                "price": "189 Kč"
            },
            {
                "name": "Pizza San Daniele",
                "price": "194 Kč"
            },
            {
                "name": "Pizza Capricciosa",
                "price": "179 Kč"
            }
        ]
    },
    {
        "id": 4,
        "datetime": "19.03.2025 01:09:10",
        "status": "Hotovo",
        "total_price": "358 Kč",
        "delivery": "R2",
        "customer": {
            "name": "Tomáš Dušek",
            "address": "Pískov 481, Pískov",
            "phone": "740 798 429"
        },
        "products": [
            {
                "name": "Pizza Gustosa",
                "price": "179 Kč"
            },
            {
                "name": "Pizza Cardinale",
                "price": "179 Kč"
            }
        ]
    },
    {
        "id": 5,
        "datetime": "19.03.2025 01:09:10",
        "status": "Hotovo",
        "total_price": "179 Kč",
        "delivery": "R2",
        "customer": {
            "name": "Batman Šebek",
            "address": "Medlov 12, Medlov",
            "phone": "790 748 344"
        },
        "products": [
            {
                "name": "Pizza Zola",
                "price": "179 Kč"
            }
        ]
    },
    {
        "id": 6,
        "datetime": "19.03.2025 01:09:11",
        "status": "Hotovo",
        "total_price": "537 Kč",
        "delivery": "Bistro",
        "customer": {
            "name": "Václav Vlček",
            "address": "Králová 266, Králová",
            "phone": "738 943 697"
        },
        "products": [
            {
                "name": "Pizza Mozzarella",
                "price": "179 Kč"
            },
            {
                "name": "Pizza Curiosa",
                "price": "179 Kč"
            },
            {
                "name": "Pizza Cardinale",
                "price": "179 Kč"
            }
        ]
    },
    {
        "id": 7,
        "datetime": "19.03.2025 01:09:26",
        "status": "Hotovo",
        "total_price": "547 Kč",
        "delivery": "R1",
        "customer": {
            "name": "Lev Sobotka",
            "address": "Mladeč 62, Mladeč",
            "phone": "730 411 553"
        },
        "products": [
            {
                "name": "Pizza Hawaii",
                "price": "179 Kč"
            },
            {
                "name": "Pizza Curiosa",
                "price": "179 Kč"
            },
            {
                "name": "Pizza Primavera",
                "price": "189 Kč"
            }
        ]
    },
    {
        "id": 8,
        "datetime": "19.03.2025 01:09:41",
        "status": "Hotovo",
        "total_price": "208 Kč",
        "delivery": "R3",
        "customer": {
            "name": "Roman Mareš",
            "address": "Dědinka 150, Dědinka",
            "phone": "780 83 824"
        },
        "products": [
            {
                "name": "Pizza Monako",
                "price": "208 Kč"
            }
        ]
    },
    {
        "id": 9,
        "datetime": "19.03.2025 01:09:41",
        "status": "Neověřeno",
        "total_price": "358 Kč",
        "delivery": "Neznámý",
        "customer": {
            "name": "Radek Bezduch",
            "address": "Dolní Sukolom 361, Dolní Sukolom",
            "phone": "704 183 178"
        },
        "products": [
            {
                "name": "Pizza Familiare",
                "price": "179 Kč"
            },
            {
                "name": "Pizza Quattro di Salami",
                "price": "179 Kč"
            }
        ]
    },
    {
        "id": 10,
        "datetime": "19.03.2025 01:09:42",
        "status": "Hotovo",
        "total_price": "745 Kč",
        "delivery": "R1",
        "customer": {
            "name": "Abdullahi Macháček",
            "address": "Dědinka 127, Dědinka",
            "phone": "744 341 414"
        },
        "products": [
            {
                "name": "Pizza Prosciuto",
                "price": "179 Kč"
            },
            {
                "name": "Pizza Monako",
                "price": "208 Kč"
            },
            {
                "name": "Pizza Caprese",
                "price": "179 Kč"
            },
            {
                "name": "Pizza Agadir",
                "price": "179 Kč"
            }
        ]
    },
    {
        "id": 11,
        "datetime": "19.03.2025 01:09:43",
        "status": "Ověřeno",
        "total_price": "1442 Kč",
        "delivery": "Neznámý",
        "customer": {
            "name": "Samuel Pěvec",
            "address": "Lazce 192, Lazce",
            "phone": "734 276 653"
        },
        "products": [
            {
                "name": "Pizza Generosa",
                "price": "179 Kč"
            },
            {
                "name": "Pizza Vegetariano",
                "price": "189 Kč"
            },
            {
                "name": "Pizza Agadir",
                "price": "179 Kč"
            },
            {
                "name": "Pizza Zola",
                "price": "179 Kč"
            },
            {
                "name": "Pizza Quattro di Salami",
                "price": "179 Kč"
            },
            {
                "name": "Pizza Gustosa",
                "price": "179 Kč"
            },
            {
                "name": "Pizza Popay",
                "price": "179 Kč"
            },
            {
                "name": "Pizza Prosciuto",
                "price": "179 Kč"
            }
        ]
    }
]